{
  "manifest": {
    "publishingInformation": {
      "locales": {
        "ja-JP": {
          "summary": "ラインのメッセージをWebhookを利用して確認します。",
          "examplePhrases": [
            "アレクサ、ラインを確認",
            "アレクサ、ラインを確認を開いて自動で確認して",
            "アレクサ、ラインを確認を開いて再登録して"
          ],
          "keywords": [
            "LINE",
            "確認"
          ],
          "name": "LINEを確認",
          "description": "LINEの新着メッセージをWebhookを利用して確認します。\n実は、Webhookで取得できる情報なら、LINEに限定されません。\n\n## メッセージ取得の工程\n\n具体的には以下の工程で処理が行われます。\nこのスキルとは別でユーザーが準備するべき項目も多いです。\n\n1. LINEのメッセージをLINE BotのMessaging APIのWebhook機能でGASやphpを併用したDBなどに保存します。\n2. あらかじめ、本スキルにDBからのメッセージ取得用のURLなどの情報を登録しておきます。具体的な方法は後述します。\n3. 本スキルは呼び出された際に、登録されたURLにGETでアクセスして、保存されているメッセージを取得します。\n    1件以上のメッセージを取得した場合、「LINEにn件のメッセージがあります」と発声します。\n    「読んで」と応じることで、本スキルは取得したメッセージを読み上げます。\n    「1件目、18時12分。今、駅に着いた。...2件目、(以下略)」の形式です。\n    その後、登録されたURLに読み上げを完了した旨をGETで送信します。\n\n## 情報の登録\n\n本スキルがDBにアクセスするためには、いくつかの情報が必要です。\nそれらを登録するため、本スキルではアレクサの「やること」リストを経由します。\n\nそのため、情報を登録する段階ではリストの読み込み・書き込みの権限を許可してください。\n\n「ラインを確認を起動して登録して」と呼びかけると、本スキルの情報登録機能が起動します。\nあるいは、情報が登録されていない状態で「ラインを確認」と呼びかけるだけでも、起動します。\n\n情報登録機能が起動すると、まずやることリストに下記の必須項目をアイテムとして追加します。\nやることリストは「アレクサアプリ下部のその他→リストとメモ→やること」でアクセスできます。\nすべてのアイテムは「LINE_Check_」から始まり、はじめのコロン以降は記入例であり、\nユーザーによって変更されることが想定されています。\n\n### 必須項目\n\n- LINE_Check_URL_Request: https://hogehoge.com\n    - WebhookのURL\n- LINE_Check_Header_Authorization: Bearer Token\n    - GET通信の際のHeadersのAuthorization項目の内容\n    - Authorization項目が不要な場合は、適当な値(例えば「Bearer Token」のまま放置)でよい\n\n### 任意項目 (必要に応じてユーザーが追加すれば、本スキルによって認識される)\n\n- LINE_Check_Header_%KEY%: %VAL%\n    - 「%KEY%」および「%VAL%」の部分は任意の文字列。(ただし「%KEY%」はコロンを含まない前提)\n    - GET通信の際にHeadersの「%KEY%」項目の内容として「%VAL%」が追加される\n    - 任意の個数追加できる\n\n## GET通信の仕様\n\n### メッセージを取得する段階\n\n登録されたURLにGET通信を行います。\nqueryパラメータとして「command\u003dobtainMessages」が追加されます。\n返り値はjson形式で、下記の構造が想定されています。\n\n```\n{\n    \"messages\":[\n        {\n            \"content\":%MESSAGE_TEXT%,\n            \"timestamp\":%TIMESTAMP%\n        }, {\n            \"content\":%MESSAGE_TEXT2%,\n            \"timestamp\":%TIMESTAMP2%\n        }, ...\n    ],\n    \"hash\": %HASH_VALUE%\n}\n```\n\n%MESSAGE_TEXT%の部分に読み上げるべきメッセージのテキストが、\n%TIMESTAMP%の部分に各メッセージのタイムスタンプ(unix time)が入ることが想定されています。\n\n%HASH_VALUE%の部分は省略しても構いません。\n読み上げに成功した場合、この値が\"hash\"の値としてqueryパラメータに追加されます。\n\n### メッセージの読み上げに成功した段階\n\n登録されたURLにGET通信を行います。\nqueryパラメータとして「command\u003dsucceed」が追加されます。\nメッセージ取得の段階でhash値が与えられていた場合、「hash\u003d%HASH_VALUE%」も追加されます。\n\n返り値の内容はスキルの応答に影響を与えません。\n\n## TIPS\n\n### DBでの処理\nDBからメッセージを返す段階までに、メッセージの選別および整備が完了しているべきです。\n(そのままではアレクサが正しく読み上げられない固有名詞の書き換えや、直近6時間のメッセージのみ選び出すなど)\n\n特に、本スキルから読み上げに成功したGET通信を受信した時点で、該当メッセージには読み上げ完了済みのフラグを立てておきましょう。\nさもないと、本スキルを起動するたびに同じメッセージを読み上げ続けることになります。\n\n### 定期実行\n本スキルをスキル内の機能だけで定期的に実行することは不可能でした。\n定型アクションから、特定の時間ごとにアレクサに「ラインを確認を開いて自動で確認して」というフレーズを実行させてください。\n「自動で」というワードを入れることで、取得したメッセージが0件の場合に無言でスキルを終了します。\n\n### 起動フレーズ\n\n「ラインを確認して」と呼びかけた際に「ラインを確認」を起動するようにしておいた方が使いやすいです。",
          "smallIconUri": "file://assets/images/ja-JP_smallIconUri.png",
          "largeIconUri": "file://assets/images/ja-JP_largeIconUri.png"
        }
      },
      "automaticDistribution": {
        "isActive": false
      },
      "isAvailableWorldwide": false,
      "testingInstructions": "{\"ask_dist_username\":\"\",\"ask_dist_password\":\"\",\"ask_dist_testing_instructions\":\"Sample Testing Instructions.\"}",
      "category": "HOME_SERVICES",
      "distributionMode": "PUBLIC",
      "distributionCountries": [
        "JP"
      ]
    },
    "apis": {
      "custom": {
        "endpoint": {
          "uri": "arn:aws:lambda:us-east-1:392856603688:function:34db5804-36f8-4dcf-90c7-fb65e4d82a8c:Release_0"
        },
        "interfaces": [
          {
            "supportedViewports": [
              {
                "minHeight": 540,
                "mode": "TV",
                "shape": "RECTANGLE",
                "maxHeight": 540,
                "minWidth": 960,
                "maxWidth": 960
              },
              {
                "minHeight": 100,
                "mode": "HUB",
                "shape": "ROUND",
                "maxHeight": 599,
                "minWidth": 100,
                "maxWidth": 599
              },
              {
                "minHeight": 600,
                "mode": "HUB",
                "shape": "RECTANGLE",
                "maxHeight": 959,
                "minWidth": 960,
                "maxWidth": 1279
              },
              {
                "minHeight": 600,
                "mode": "HUB",
                "shape": "RECTANGLE",
                "maxHeight": 1279,
                "minWidth": 1280,
                "maxWidth": 1920
              },
              {
                "minHeight": 100,
                "mode": "HUB",
                "shape": "RECTANGLE",
                "maxHeight": 599,
                "minWidth": 960,
                "maxWidth": 1279
              },
              {
                "minHeight": 960,
                "mode": "HUB",
                "shape": "RECTANGLE",
                "maxHeight": 1279,
                "minWidth": 1920,
                "maxWidth": 2560
              },
              {
                "minHeight": 1920,
                "mode": "HUB",
                "shape": "RECTANGLE",
                "maxHeight": 2560,
                "minWidth": 960,
                "maxWidth": 1279
              },
              {
                "minHeight": 320,
                "mode": "MOBILE",
                "shape": "RECTANGLE",
                "maxHeight": 1920,
                "minWidth": 600,
                "maxWidth": 959
              },
              {
                "minHeight": 320,
                "mode": "MOBILE",
                "shape": "RECTANGLE",
                "maxHeight": 1920,
                "minWidth": 960,
                "maxWidth": 1279
              },
              {
                "minHeight": 320,
                "mode": "MOBILE",
                "shape": "RECTANGLE",
                "maxHeight": 1920,
                "minWidth": 1280,
                "maxWidth": 1920
              }
            ],
            "type": "ALEXA_PRESENTATION_APL"
          }
        ],
        "locales": {},
        "regions": {
          "EU": {
            "endpoint": {
              "uri": "arn:aws:lambda:eu-west-1:392856603688:function:34db5804-36f8-4dcf-90c7-fb65e4d82a8c:Release_0"
            }
          },
          "NA": {
            "endpoint": {
              "uri": "arn:aws:lambda:us-east-1:392856603688:function:34db5804-36f8-4dcf-90c7-fb65e4d82a8c:Release_0"
            }
          },
          "FE": {
            "endpoint": {
              "uri": "arn:aws:lambda:us-west-2:392856603688:function:34db5804-36f8-4dcf-90c7-fb65e4d82a8c:Release_0"
            }
          }
        }
      }
    },
    "manifestVersion": "1.0",
    "permissions": [
      {
        "name": "alexa::household:lists:read"
      },
      {
        "name": "alexa::household:lists:write"
      },
      {
        "name": "alexa::person_id:read"
      }
    ],
    "privacyAndCompliance": {
      "allowsPurchases": false,
      "locales": {
        "ja-JP": {}
      },
      "containsAds": false,
      "isExportCompliant": true,
      "isChildDirected": false,
      "shoppingKit": {
        "isShoppingActionsEnabled": false,
        "isAmazonAssociatesOnAlexaEnabled": false
      },
      "usesPersonalInfo": false
    }
  }
}